{"reducespaceinfiltrationbypercentage|space_infiltration_reduction_percent":{"var_mu": -8.93462513472988,"var_mu_star": 8.93462513472988,"var_sigma": 0.91312639362228},"setlightingloadsbylpd|lpd":{"var_mu": 131.051405104984,"var_mu_star": 131.051405104984,"var_sigma": 3.49219141839152},"setwindowtowallratio|wwr":{"var_mu": 35.2092152246301,"var_mu_star": 35.2092152246301,"var_sigma": 5.75224178273901}}
